Sting-Kill Disposable Wipes 8 Each ( Pack of 5) - 21.37$ - effective on stings and bites from bees, wasps, mosquitoes, jellyfish, chiggers, black flies, fire ants and spiders.
3X Replacement Shaver Head Shaver Blade for Philips Norelco 3805XL, 3801XL, 3605X, 3604X, 3601X, 3405LC, 5625X, 5812XL, HQ40, PQ208 - 18.49$ - description: 100% brand new and high quality. perfect replacement for your damaged shaver head. designed with 2 layers of cutters, more durable and sharper. material: metal. color: silver. compatibility: for hq300, hq302, hq304, hq320, hq322, hq340, hq342, hq360, hq362, hq380, hq382, hq384, hq386 hq3405, hq3425, hq3445, hq3601, hq3604, hq3605, hq3610, hq3801, hq3805, hq3825, hq3830, hq3865, hq3870 hq442, hq443, hq444, hq481, hq482, hq483, hq484, hq485, hq486, hq487 hq4401, hq4402, hq4403, hq4404, hq4405, hq4406, hq4407, hq4411, hq4413, hq4425, hq4445, hq4601, hq4602, hq4603, hq4604, hq4605, hq4630, hq4800, hq4805, hq4806, hq4807, hq4810, hq4816, hq4821, hq4825, hq4826, hq4830, hq4845 hq5605, hq5699, hq5801, hq5802, hq5806, hq5810, hq5811, hq5814, hq5815, hq5816, hq5818, hq5819, hq5821, hq5825, hq5826, hq5830, hq5841, hq5842, hq5845, hq5846, hq5847, hq5848, hq5849, hq5850, hq5851, hq5853, hq5854, hq5855, hq5856, hq5861, hq5865, hq5866, hq5870, hq6405, hq6415, hq6423, hq6424, hq6445, hq6605, hq6613, hq6614, hq6615, hq6616, hq6617, hq6618, hq6640, hq6645, hq6675, hq6676, hq6695, hq6696, hq6831, hq6842, hq6843, hq6844, hq6849, hq6853, hq6854, hq6855, hq6856, hq6857, hq6859, hq6861, hq6863, hq6868, hq6874, hq6879, hq6900, hq6920, hq6940, hq6970, hq6990 hq902, hq904, hq906, hq912, hq914, hq916 hs190, hs260, hs360, hs375, hs465, hs470, hs480, hs485, hs702, hs703, hs704, hs705, hs706, hs708, hs709, hs715, hs755, hs765, hs766, hs775, hs800, hs820, hs825, hs830, hs840, hs850, hs860, hs875, hs885, hs890, hs895, hs896, hs900, hs905, hs915, hs920, hs925, hs930, hs945, hs950, hs955, hs965, hs969, hs970, hs975, hs980, hs990 hp1318, hp1319, hp1323, hp1327, hp1328, hp1335, hp1336, hp1337, hp1338, hp1339, hp1601, hp1602, hp1604, hp1605, hp1606, hp1607, hp1608, hp1700, etc note: due to the difference between different monitors, the picture may not reflect the actual color of the item. thanks for your understanding. - ‚òõ ‚òõ fits for philips norelco hq300, hq302, hq304, hq320, hq322, hq340, hq342, hq360, hq362, hq380, hq382, hq384, hq386 hq3405, hq3425, hq3445, hq3601, hq3604, hq3605, hq3610, hq3801, hq3805, hq3825, hq3830, hq3865, hq3870,hq6855, hq6856, hq6857, hq6859, hq6861, hq6863, hq6868, hq6874, hq6879, hq6900, hq6920, hq6940, hq6970, hq6990 ‚òõ ‚òõ fits for philips norelco hq442, hq443, hq444, hq481, hq482, hq483, hq484, hq485, hq486, hq487 hq4401, hq4402, hq4403, hq4404, hq4405, hq4406, hq4407, hq4411, hq4413, hq4425, hq4445, hq4601, hq4602, hq4603, hq4604, hq4605, hq4630, hq4800, hq4805, hq4806, hq4807, hq4810, hq4816, hq4821, hq4825, hq4826, hq4830, hq4845,hp1318, hp1319, hp1323, hp1327, hp1328, hp1335, hp1336, hp1337, hp1338, hp1339, hp1601, hp1602, hp1604, hp1605, hp1606, hp1607, hp1608, hp1700, etc ‚òõ ‚òõ fits for philips norelco hq5605, hq5699, hq5801, hq5802, hq5806, hq5810, hq5811, hq5814, hq5815, hq5816, hq5818, hq5819, hq5821, hq5825, hq5826, hq5830, hq5841, hq5842, hq5845, hq5846, hq5847, hq5848, hq5849, hq5850, hq5851, hq5853, hq5854, hq5855, hq5856, hq5861, hq5865, hq5866, hq5870,hq6405, hq6415, hq6423, hq6424, hq6445, hq6605, hq6613, hq6614, hq6615, hq6616, hq6617, hq6618, hq6640, hq6645, hq6675, hq6676, hq6695, hq6696, hq6831, hq6842, hq6843, hq6844, hq6849, hq6853, hq6854 ‚òõ ‚òõ fits for philips norelco hq902, hq904, hq906, hq912, hq914, hq916;hs190, hs260, hs360, hs375, hs465, hs470, hs480, hs485, hs702, hs703, hs704, hs705, hs706, hs708, hs709, hs715, hs755, hs765, hs766, hs775, hs800, hs820, hs825, hs830, hs840, hs850, hs860, hs875, hs885, hs890, hs895, hs896, hs900, hs905, hs915, hs920, hs925, hs930, hs945, hs950, hs955, hs965, hs969, hs970, hs975, hs980, hs990 ‚òõ ‚òõ package included: 3x shaver blades as images show.2 layers of cutters design, this durable and sharp blade cutter is a perfect replacement for your damaged shaver head.
Microair Barrier Short Socks. Color White, 1 Pair Size 11 (man 8-8.5 / woman 9.5-10) (EU SIZES 41/42) - 59.0$ - barrier effect and breathability microair barrier is a three layer barrier fabric made up of a knit polyester microfiber with a piqu√© structure, and a microporous membrane preventing the allergens from touching the skin, still allowing transpiration. microair barrier products (gloves, socks, extensions for forearm and leg) are recommended to people affected by contact dermatitis. they can be used directly on the skin, under regular socks. microair barrier socks stitchings are heat welded and they guarantee the highest impermeability to liquids, ions and gas. all seams are external, in order to avoid friction on the skin. certifications lab tests demonstrated microair barrier efficacy. made in italy - complete impermeability to allergens and irritating substances causing contact dermatitis. they prevent the harmful substance from touching the skin (barrier function). highest transpiration allowing to wear the sock during the whole day under the regular socks. high water vapor transmission (1062 gr/m2/24h). made in italy with three-layers barrier fabric. designed and patented to manage contact dermatitis. available as long socks, too. external seams in order to avoid friction on the skin. everlasting microbiological protection, washing resistant, washable by washing machine at 60/90¬∞ c. heat welded stitchings that guarantee the highest impermeability to liquids, ions and gas.
uxcell Rubber Shoes Boots Heels Sole Repair Plates Guard Mats 4Pcs Yellow - 8.99$ - anti-skidding, reduce pressure and pain.great for shoes, heels, boots and sandals.used easily and simply, apply some gule on the back of the plates,then place the side with glue on the sole and press firmly, then, leave it for a few hours to be air-dry before using.before sticking the anti slip sole protector, please clean the area of the shoe thoroughly with a damp cloth and leave to dry completely.the screws and abrasive disc are not included here.specifications:material: rubbercap color: yellowcap size: 6.5 x 3.2 x 0.5cm/2.6 x 1.2 x 0.2 inch (l*w*h)net weight: 33gwarm note:small parts, please keep away from . - material:made of good quality rubber, non-slip and durable, can prevent the heels of your shoes from wearing out measurement: each heel repair pad size is 6.5 x 3.2 x 0.5cm/2.6 x 1.2 x 0.2 inch (l*w*h);net weight: 33g.normal size, can fit for your shoes heels accurately normal uses: suitable for most styles boots or shoes. can help you wear comfortable repairing shoes quantity: 1 set of shoes heel plates 2 pairs (4 pcs).do not come with nails. they are quiet and non-marking to floors, enough for you to do shoe repairing by yourself anti-slip and noise reduction: the high heel caps are surfaced with anti-slip materials, which guarantees noise reduction. say goodbye to clacking sounds caused by your high heels hitting floors, no trouble when walking on the wooden floors now
40 Sqft Cable Set, 240 Volt, Electric Radiant Floor Heat Heating System with Aube Digital Floor Sensing Thermostat, Including Thermostat Sensor, Installation Monitor and Cable Guides - 289.0$ - 40 sqft cable with digital programmable thermostat, electric floor heat warming system includes plastic cable guides and installation monitor 240v, 2 amps, 480w, 12 watts/sqft, ul listed for usa and canada digital programmable thermostat # th115-af-240, includes floor sensor made in the usa using the highest quality materials, single cold lead, 25 year warranty
C.R. LAURENCE SGT316 CRL 3/16"" Polyethylene Sealant Guide - 36.1$ - c.r. laurence sgt316 crl 3/16"" polyethylene sealant guide. crl polyethylene sealant guides fit on the end of tapered cartridge nozzles for insulating glass sealants. the sgt guide is designed to force sealant into the space between the two pieces of glass. simply push the sgt guide onto your nozzle and they are ready to use.. part numbers variations: sgt316 - fit on tapered nozzles for insulating glass sealants sizes from 3/16"" to 3/4"" (4.8 to 19 mm)
Bath and Body Works 3 Pack Holiday's Favorites. Frosted Cranberry, Winter & Fresh Balsam Concentrated Room Spray. 1.5 Oz. - 49.99$ - three concentrated room sprays 1.5 ounce each frosted cranberry winter fresh balsam
Naturade Probiotics 30 B CFU Capsules, 30 Count - 24.99$ - naturade probiotics 30 b cfu contains 30 billion colony forming units to help maintain healthy intestinal flora and naturally support your immune defenses. naturally boost your bodys defenses & help restore intestinal flora. a proper balance of bacteria is essential to maintaining an efficient digestive system. contains 30 billion colony forming units, or good bacteria. - naturally boost your bodys defenses & help restore intestinal flora a proper balance of bacteria is essential to maintaining an efficient digestive system contains 30 billion colony forming units, or good bacteria
Empi 60"" Safety Lead Wires, Each - 19.99$ - 1 lead wire - empi 60"" safety lead wires for (focus, respond select, epix vt, epix xl) each
Probasics Personal Hydraulic Patient Body Lift (with X-Large Full Body Mesh Sling w/Commode) - 559.0$ - ‚úî moves easily. hydraulic lift has 5"" front and rear casters that allow the patient lift to be moved and rotated easily. caster wheels lock in place easily by stepping on the lift plunger. a portable patient lift that can be easily transported. ‚úî heavy duty quality. patient body lift can lift persons up to 450 lbs. frame for the body lift is chip resistant. ‚úî fits under most beds. the adjustable width base allows the patient lift to be easily maneuvered under most beds or adjust around most places that a patient likes to sit. simply attach the patient lift sling to the hydrolic lift and use the simple-to-operate pump to lift the patient. ‚úî easily lifts patient. this sit to stand lift for adults has a lifting range of 26"" to 70.5"" (at the pin). place your trust in probasics, a leader in patient lift slings. sling can use 4 or 6 point lift slings. ‚úî x-large four point mesh sling with commode opening included. supports up to 450 lbs. patient lift sling is constructed from very strong mesh to provide maximum support as well as breathability during extended use. nylon hook up straps are reinforced for extra durability. size: 45.5"" w x 63.3"" l, commode opening: 8.5"" x 11
Nature's Sunshine Stomach Comfort, 60 Chewable Tablets | Helps Neutralize Acid and Soothe the Stomach by Supporting Digestion - 19.95$ - the unique blend of slippery elm, ginger, papaya, licorice, calcium, and alginic acid works natural wonders for your digestive peace. helps relieve occasional digestive discomfort. neutralizes stomach acid.
FreePoo Before You Go Toilet Spray, Bathroom Deodorizer, Odor Blocker With Natural Oils, Lemon Grass - 6.9$ - all natural - oil based formula, completely safe for you and your family. the natural oils will prevent orders from stinking up the bathroom. quick use - spray 3-5 squirts in the toilet bowl right before you go. you will be amazed that there will only be naturally scented aromas in the air. none of the bad stuff. easy to use - small and discrete size. you can take in with you wherever you go. you can go #2 in anyone's house without them knowing what happened in there. odor eliminator - the natural oils in the bottle will assure the odors stay locked under the water. no more need for chemical bathroom sprays. odor will be flushed down and will never stand a chance. satisfaction guarantee - hundreds of thousands of satisfied customers can only mean one thing: a great product! either you are satisfied with our product, or your money back guaranteed. no questions asked.
Funny Bridesmaid Proposal, I Promise I Wont Make You wear an Ugly Dress, Will You be My Bridesmaid Card, Bridesmaid Proposal Card, Maid of Honor Card - Set of 10 - 14.95$ - will you be my bridesmaid cards will add a special touch to your bridesmaid proposal. they are also great for bridesmaid proposal box. - these fun bridal proposal cards will get your bridal party excited for what's to come. card size: 4.25"" x 5.5"" folded, 8.5"" x 5.5 open printed on 110 lb. white card stock sold in pack of 8 bridesmaids cards and 2 maid of honor cards. white envelopes included.
NoYo Keto: Meal Replacement | Sweet Cream | MCTs | Protein | Electrolytes | Biotin | Grass-fed Collagen Peptides | Probiotics | Omega 3-6-9 | 100% DV Vitamins | Modular flavors with StartDust - 27.95$ - healthy, low-carb dieting isn't easy. proteins and fats alone aren't enough to sustain your body. noyo keto meal replacement was designed from the ground up to be superior to anything else available on the market. in addition to the essentials, we also include macronutrients that support healthier hair, nails, skin, muscles, joints, bones, immune system and brain. noyo keto also includes probiotics and fiber to support digestion and electrolytes for hydration. whether you're following the ketogenic diet or just trying to lead a healthier lifestyle in general, noyo keto meal replacement will support you. - 3g net carbs: subtract the 7.5g of dietary fiber from the 10.5g of carbs and you've got an extremely low 3g of net carbs per serving. all-in-one: mct's for energy. electrolytes for hydration. biotin, omega 3's and collagen peptides to support healthy skin, hair and nails. fiber and probiotics to aid digestion. 100% dv of 20+ vitamins and minerals. mix & match with startdust: noyo keto's sweet cream flavor works awesome as a base for virtually any flavor combination. use startdust (chocolate, red creme, kids cereal) to add new flavors as well as turmeric and vitamins. you'll have the freedom to make a new smoothie flavor every day. chocolate peanut butter, key-lime, strawberry lemonade...go crazy! no sugar, no palm oil, no artificial flavors or colors, gluten-free. sweetened with monkfruit: natural, non-glycemic, zero-calorie and thought to have anti-oxidant properties. made in america
Electronic Foot File Pedicure Tools, Electric Vacuum Adsorption Foot Grinding Foot Care Pedicure Kit Foot File Hard Skin Callus Remover Wet and Dry Feet Dead Skin - 20.2$ - products benefits gently buffs away dead hard skin in minutes leaves you super smooth feet skin; ergonomically shaped for safe and professional home use. description condition: 100% brand new & high quality material: abs weight: 250g individual package size: 15 *13 (length x width) cm color: white specification: motorized callus remover removes calluses and vacuuming 2 speeds ergonomic design rechargeable 2000 rpm material: metal, plastic package included: 1 x grinding machine 1 x cleaning brush 1 x diamond grinding head 1 x polishing sanding head 1 x usb charging cable 1 x open cover clip 1 x english color manual note: there may be some subtle differences between the color of the image and the actual project. thanks to the manual measurement, please allow 1-2mm difference. - üöÄ„Äêelectric vacuum adsorption foot grinder„Äë: one-button start, easily remove thick cuticles, dead skin, cracks, calluses and other foot problems. üöÄ„Äêbuilt-in vacuum cleaner„Äë: built-in vacuum cleaner that the foot grinder can pick up and blow off dead skin. üöÄ„Äêsummer artifact„Äë: gives you soft smooth feet again, like a young girl, don't worry about walking on the beach in sandals and bare feet. üöÄ„Äêsafety protection„Äë: say goodbye to dangerous skin remover foot blade and laborious foot file, excessive pressure will slow down the rotation speed or stop the rotation. üöÄ„Äêuse at any time„Äë: it can be driven by a usb or batteryÔºåusb charging can be used at home, 4 aaa batteries can be used when going out, small and easy to carry.a special gift for your family and friends.
Rainforest Uncarine Max 120 Vegetarian Capsules/500 mg - 36.95$ - rainforest uncarine max 120 vegetarian capsules/500 mg
Andaz Press Birthday Cupcake Toppers DIY Party Favors Kit, Turtle, Double-Sided, 18-Pack - 9.99$ - andaz press is a premier designer and manufacturer of custom party decor and personalized gifts. andaz press products are always made with the highest quality paper, materials, and inks. - includes: 36 fancy frame labels and 18 sticks. does not include cupcake wrappers. easy assembly required to create 18 double-sided cupcake toppers. take 2 labels and attach to each side of the wooden stick to create your cupcake topper. label size: 2.25-inch wide x 1.30-inch high. properties: matte finish. single-sided, digitally printed on high quality paper, with vibrant colors. actual product color may vary slightly due to differences in monitor settings. andaz press. original design by andaz press . all rights reserved. flat rate shipping: fill your cart with andaz press items, and pay one low shipping rate. expedited and 2-day shipping also available! all orders ship within 1-2 business days from california.
Camphora 30C Homeopathic Remedy - 200 Pellets, Urenus - 11.99$ - at urenus our priority is to produce top quality homeopathic medicines according to hahnemann procedure. we choose high-quality raw materials and the most traditional manufacturing methods guarantee best quality. available in various potencies. each dose should be placed under the tongue. it is preferable to take apart from meals. no known side effects, no known drug interaction. for informational purposes only, not intended for, and neither should it be taken as a substitute for professional medical advice. stop use and ask a physician if symptoms persist for more than 3 days or worsen. if pregnant or breast-feeding, ask a health professional before use. keep out of reach of children. - prepared according to the original procedure of dr. hahnemann this remedy uses highly diluted natural substances urenus uses high quality ingredients pure sucrose pellets lactose free
ATLanyards Double Loop Chain Eyeglass Holder - Stainless Steel Eyeglass Chain - 9.98$ - this beautiful stainless steel eyeglass chain is just what you need to keep your glasses of any kind close at hand! stainless steel is super strong, durable, lightweight, shiny, and keeps its shiny silver luster without ever becoming dull. each individual link measures 4mm. the overall length of the chain portion of this eyeglass holder is approximately 27"". the overall measurement of this eyeglass holder, including the eyeglass pieces, measures approximately 29"". the eyeglass pieces are adjustable! simply move the silver coiled metal piece so it will hold tight to the ear wires of your glasses. (be careful not to over tighten.) the lightweight design makes this ideal for comfortable daily use. (*please note the dime shown in the last product photo is included for size comparison purposes only and is not included in the purchase of this item.*) - eyeglass holder is made of stainless steel -- super strong and durable yet lightweight, silver in color, and will not lose its color or strength over time! this product is handmade in the usa. the chain itself measures approximately 27"" -- the overall length, including eyeglass pieces, measures approximately 29"". the eyeglass pieces are adjustable! - simply move the silver coiled metal piece so it will hold tight to the ear wires of your glasses. to view additional eyeglass chains and sets of eyeglass chains type atlanyards in the amazon search bar.
Stonewall Kitchen White Pine Dish Soap, 17.6 Ounces - 24.99$ - stonewall kitchen white pine dish soap, 17.6 ounces blended with essential oils from white pine, spruce, cedar and a touch of bayberry. the clean, refreshing scent of our winter white pine products leaves a refreshing aroma and soothing softness on your skin. our dish soap leaves a sparkling, streak-free finish. about stonewall kitchen we got our start in 1991, selling handmade jams and jellies at local farmers‚Äô markets, fairs and festivals. a passion for innovative recipes and flavors soon led us to expand to sauces, condiments, mustards, baking mixes, and more‚Äîall made with the same high-quality ingredients and painstaking attention to detail. today, our products are sold in more than 6,000 locations both nationwide and internationally, and through our 10 company stores! - stonewall kitchen white pine dish soap, 17.6 ounces blended with essential oils from white pine, spruce, cedar and a touch of bayberry our dish soap cleans thoroughly and leaves a sparkling, streak-free finish enriched with vitamins for a clean feeling of softness it all started in 1991 at a local farmers' market with a few dozen items that we'd finished hand-labeling only hours before. fast-forward to today and stonewall kitchen is now home to an ever-growing family of like-minded lifestyle brands! expertly made with premium ingredients, our products are the result of decades spent dreaming up, testing and producing only the very best in specialty foods and fine home living.
Orthodontic Elastic Gap Teeth Bands - Size 1/8 Heavy - 100 Bands - for Lower Teeth OR Smaller Upper Teeth by Cayenas - 5.99$ - *1 pack of bands - size 1/8 heavy (extra small) - 100 bands in the pack *factory sealed - *this is recommended for lower teeth or smaller upper
Electriduct 2""W x 2""H Open Slot Wire Duct - 1 Stick - 6.56 Feet - Black - 19.99$ - electriduct 2""w x 2""h open slot wire duct - 1 stick - 6.56 feet - black - size: 2""w x 2""h | color: black | stick length: 6.56 ft | quantity: 1 wire duct is pre-drilled and comes with covers flammability: ul94 v-2 rated material | normal working temperature: -25 ¬∞c to 70 ¬∞c made from pvc | heat-resistant up to 85 ¬∞c the ends of the stick may be jagged or sharp
3packs of Star Eyelash Glue for Strip Lashes (Clear) 7g (1/4oz) - 6.75$ - 3packs of 7g (1/4oz) clear eyelash adhesive glue - waterproof formula holds lashes securely in place dries quickly easy to use
FreedomAlert - Replacement Base Station Batteries (4) - 19.8$ - 4 replacement batteries for the freedom alert base station.
Nectar, Apple Ecstasy, 2 Pounds - 52.99$ - welcome to the critically acclaimed world of nectar! gone are the days of low-quality whey protein. gone are the days of those blah-tasting protein drinks that promise much but deliver little. nectar once and for all breaks the mold by combining promina, the highest-quality whey protein isolate ever developed, with a flavoring system so fruitilicious that you will never drink a different whey protein shake again. if you like the refreshing taste of fruit juice, you‚Äôll love nectar! with its mouthwatering fruit flavors, nectar is truly a protein drink you will look forward to drinking each and every day. whether it be apple ecstasy, caribbean cooler, crystal sky, fuzzy navel, lemon tea, pink grapefruit, roadside lemonade, strawberry kiwi, twisted cherry or wild grape, nectar will keep you coming back for more. what‚Äôs more, we did something totally amazing by engineering nectar to be so delicious that you can eat it right out of the container. imagine putting a protein powder in your mouth and it tasting like candy. imagine this protein powder having zero carbs and zero fat. stop imagining! we‚Äôve brought you nectar! - mixes instantly zero carbs and zero fat promina whey isolate refreshing fruit juice flavor lactose and gluten free
Dreft Stage 1: Newborn Hypoallergenic Baby Laundry Detergent Liquid Soap, 64 Total Loads, 46 Ounce (Pack of 2), & Dreft Blissfuls Laundry Scent Booster Beads for Washer, Baby Fresh Scent, 14.8 oz - 31.78$ - specially formulated for newborn babies hypoallergenic long lasting baby fresh scent in-wash scent booster specially designed to complement draft detergent
Hotline Wash Away Kiln Wash Residue Remover 8 oz Glass Fusing Supplies - 18.5$ - 8 oz. (236 ml). easily removes baked-on shelf primer (kiln-wash) from the bottom of fused projects, like black glass, hot colors and opalescent glass. apply without dilution to the baked-on primer and then lightly scrub with a plastic scouring pad. this should remove even the most stubbornly adhered primer. - 8 oz. (236 ml). easily removes baked-on shelf primer (kiln-wash) from the bottom of fused projects, like black glass, hot colors and opalescent glass. apply without dilution to the baked-on primer and then lightly scrub with a plastic scouring pad. this should remove even the most stubbornly adhered primer.
Fromonda (Soothe) Body Powder unscented (5 oz, 1-Pack) Unisex, Talc-Free, Anti-Chafing, Sweat Defense with Essential Oils - 14.99$ - sweat protection - whether you‚Äôre a man or woman, our talc-free body powder is the answer to all your down under hygiene woes. our moisture-wicking formulation is designed to keep your sensitive areas cool, dry and smelling fresh for the whole day. talc-free - fromonda powders provide a safe, hygienic alternative to talc. they consist of arrowroot powder, baking soda, cassava, colloidal oats and kaolin clay - ingredients that soothe all skin types. high quality - our carefully selected blend of minerals, botanicals and essential oils benefit the skin and hair while also providing aromatherapy benefits. our citrus ipa blend is our most energizing and refreshing scent. 100% satisfaction guarantee - we will gladly refund your purchase if you are not 100% satisfied fromonda cares: at fromonda, your health is our no. 1 priority. we vow to donate 10% of our profits to the sean kimerling tc foundation.
30PCS Natural Rose Jute Drawstring Favor Bag 3.9 x 5.5 inches/10x14cm Burlap Bag Linen Favor Bag For Wedding Party Favor Jute Gift Pouch - 11.58$ - 30pack burlap bags with drawstring gift bags jewelry pouch for wedding party and diy craft (gray, 4 x 5.5 inch) package includes: 30pack rose color burlap bags. material: eco-friendly burlap  size: 4 x 5.5 inch / 10 x 14 cm; large size burlap bags, lightweight with a suitable size, portable and stylish  unique design: drawstring design make burlap sacks easier to fasten to avoid object lost  characteristic: tiny holes allow air to circle; theys can absorb moisture, oil and grease; good for crafting and diy design projects  ideal for storing beads and other jewelry, makeup, gift, sweets, wedding favors, etc. perfect for birthday parties, wedding, and other giveaways note: 1. due to the light and screen difference, the item's color may be slightly different from the pictures. please understand. make sure you don't mind before you place an order.  2. please allow 1-3mm differences due to manual measurement - burlap gift bburlap gift bags with drawstring made from natural jute burlap; sturdy and durable; reusable small drawstring gift bags; non-toxic and odorless; lightweight, absorbent, and breathable; machine-washable and dryableags with drawstring made from natural jute burlap; sturdy and durable; reusable small drawstring gift bags; non-toxic and odorless; lightweight, absorbent, and breathable; machine-washable and dryable burlap favor bags for weddings, bridal showers, birthdays, and parties; drawstring gift bag set for packing and gift wrapping; easy to personalize with lace, paint, stamps, stencils, heat transfer vinyl, and sublimation gift drawstring bags with tightly woven inner fabric for 100% content concealing; soft to the touch jute burlap bags; fray and shed free; colorfast and fade-free; small burlap bags with easy closure burlap treat bags for candy, spices, coffee beans, soaps, candles, herbs, nuts, coins, snacks, seeds, beads, jewelry, or golf balls burlap bags bulk wholesale pack; 30 pcs of assorted burlap bags with cinch cord; burlap drawstring bags 3x4 inches
US Organic 100% Pure Peppermint Essential Oil - USDA Certified Organic - 10 ml Pack of 2 - w/Improved caps and droppers (More Size Variations Available) - 23.99$ - at us organic, we use premium quality certified organic ingredients as a way to thank mother nature for the great gifts offered to us. us organic‚Äôs peppermint essential oil contains only one ingredient, 100% pure and never diluted. suitable for therapeutic and fragrance applications. extracted by the steam distillation method. - highly concentrated 100% pure certified usda organic steam distilled peppermint oil botanical name is mentha piperita which is a hybrid plant between water mint and spearmint. sourced from india. this peppermint oil is steam distilled from the fresh or partly dried plant. it has a fresh and sharp menthol aroma. peppermint oil is commonly used in aromatherapy for its appealing scent and therapeutic properties. pure essential oils such as peppermint oil are highly concentrated and should be handled with care. peppermint oil is commonly used in aromatherapy for its appealing scent and therapeutic properties. pure essential oils such as peppermint oil are highly concentrated and should be handled with care.
Family Care Hemorrhoidal Ointment with Applicator (2 Pack) - 5.44$ - helps two pack of 0.67 oz tubes of new family care hemorrhoidal ointment with applicator. shrinks swollen hemorrhoidal tissue. prompts soothing relief from painful burning, itching and discomfort. shrinks swollen hemorrhoidal tissue. prompts soothing relief from painful burning, itching and discomfort. temporarily protects the inflamed, irritated anorectal surface to help make bowel movements less painful. helps relieve the local itching and discomfort associated with hemorrhoids. temporarily protects the inflamed, irritated anorectal surface to help make bowel movements less painful. relieve the local itching and discomfort associated with hemorrhoids. mineral oil 14%, petrolatum 74.9%, phenylephrine hydrochloride 0.25%
Divya Mukta Vati (120 Tablets) - 6.25$ - divya mukta vati (120 tablets) traditional ayurvedic formulation - purifying and calming for the heart and mind - divya mukta vati (120 tablets) traditional ayurvedic formulation - purifying and calming for the heart and mind made with 8 potent ayurvedic herbs that are soothing to mind and nerves and purifying for the blood
KINGS Herbal Food Supplement 750 ml (Pack of 3-Bottles) - 154.99$ - 3 bottles of 750ml kings herbal is enriched with 100% concentrates made from different kinds of fruits, vegetables, and herbs - freshly harvested from farms in the philippines.
Atomy Oral Care System (Toothbrush + Toothpaste + Interdental Brush) 4 Holder Cases for Travel Use - 24.9$ - toothbrush + toothpaste + interdental brush *4set
Andis Attch Side Dryer Combs (Pack of 2) - 6.9$ - andis attach side dryer combs (pack of 2) the color is black, one comb is a fine tooth and one is a wide tooth comb.the wide tooth helps detangle hair while reducing breakage and hair loss. the fine tooth is for precise finishing and final detailing. the slide and lock attachments will not fall off.
Morning Eyes Ice Packs, Set of 2. Anti Inflammatory Relief of Puffy Eyes, Kid's Bumps & Bruises. Individual Travel Cases. Gentle on Delicate Skin. Hypoallergenic Non Porous Silicone Pads. (2) - 5.5$ - morning eyes ice pads, made of thick silicone. store in their individual cases in the freezer and use them for anti inflammatory relief of puffy eyes and children's bumps and scrapes. frozen silicone pad temperature is not harsh like an ice cube and is gentle on the delicate skin around your eyes, and children's sensitive skin. when the temperature warms from contact with skin, place back in freezer for 3-5 minutes. store in their individual handy travel case, for an easy and portable traveling companion. silicone pads are an environmentally conscious reusable product. they can be easily washed and cleaned with a little soap and water after each use, or placed in the dishwasher. food grade silicone products will not retain unwanted residue. 100% food grade silicone. safe and eco friendly. they are heat resistant, bendable, odorless, non-porous and non-toxic. silicone can be recycled after a lifetime of use. - morning eyes ice pads can be kept in the freezer for anti inflammatory relief of puffy eyes. store them in their individual cases and use them for puffy eyes and children's bumps and scrapes. frozen silicone pad temperature is not harsh like an ice cube and is gentle on the delicate skin around your eyes and on children's sensitive skin. the smooth surface of the silicone pad will warm from contact with your skin. place back in freezer for 3-5 minutes and re-use. silicone freezer pads are an environmentally conscious reusable product. they can be easily washed and cleaned with a little soap and water after each use. dishwasher safe. each pad comes in a handy travel case, making them an easy and portable traveling companion. silicone can be recycled after a lifetime of use
Maxfeel 100% Pure Mulberry Silk Sleep Cap Sleeping Cap Hat for Hair Care Multicolor (#1) - 9.8$ - why silk sleep cap? silk is natural protein fabric,which is compatible with human skin, it plays an important role in skin nourishing and protecting.the silk sleep cap is good to your hair and skin when you sleep. about shipping ready to ship in 1-2 business days arrival time: usa 7-10 business days, ship by epacket via usps. other countries 15-20 days, sometimes it will take more (20-30days) , ship by china post air mail silk care instruction hand wash, or machine wash cold in delicate cycle, separately from other items. hang dry, or cold air machine dry. please do not expose silk under the strong sun. - made of 100% top quality mulberry silk size of hat circumference: approx. 18 - 26 inch / 45.7 - 80cm this silk sleep cap can protect your hair,keep your hair neat when you sleep. soft silk material is no stimulation to your skin and control hair oil. the big size bonnet can fits your fullest hairstyle easily. it has a non-binding elasticized bandand to keep you feel comfortable.
Bona Stone Tile & Laminate Floor Polish, 36 oz (2 Pack) - 39.0$ - restores the shine while offering protection against wear. the durable, urethane acrylic blend has an exceptionally fast dry time and no waxy build-up. adds a high gloss protective layer and fills in microscratches, evening out the appearance of your floor for a refreshed new look. use every 1-4 months to keep floors revitalized and looking their best.
Nipple Suckers & Nipple Corrector for Women, Inverted Nipple Puller, Nipple Corrector for Flat Or Inverted Nipples, Nipple Pump Great for Sunken and Short Nipples for Breastfeeding Silicone with Case - 13.99$ - ‚úînon-surgical treatment - the adjustable nipple puller which suction is powerful enough to pull an inverted nipple gently outward. it helps alleviate flat nipples stay erect and without causing trauma. helps your baby latch onto your breast easily by drawing out your inverted nipples. ‚úîeasy to use- simply squeeze the top and place over the nipple prior to breastfeeding. not only can utilize negative pressure to drag and pull nipples, but also can be adaptable to different using angles, latches it up perfectly. ‚úîsoft & comfortable material ‚Äì nipple puller and nipple corrector are made of durable, soft and medical grade silicone material, no burden to sensitive skin, comfortable. ‚úî all day comfort- help with inverted or flat nipples. the size is similar to nipples and can be easy concealing under the bra and other clothes after wearing, without affecting appearance. please make sure you lubricate your nipples before use it. ‚úîwhat you get - 1 pairs nipple corrector and 1 pair nipple puller - our worry-free 18-month post-sale guarantee and friendly customer service! ‚úîtry it and you will love it!!
Kan Herbs Essentials Rehmannia Eight Combination 1 oz - 23.96$ - rehmannia eight combination 1 ozkan essentialschinese herbals for animalsingredients rehmannia root (prepared) chinese yam rhizome asiatic cornelian cherry poria asian water plantain rhizome tree peony root bark chinese cinnamon bark sichuan aconite root.shu di huang shan yao shan zhu yu fu ling kuai ze xie mu dan pi rou gui zhi fu zi.water 48% to 54% vegetable glycerin 24% to 26% alcohol 10% to 12% per volumerecommended dosage:2-3 times daily1-10 lbs 2-3 drops11-20 lbs 4-6 drops21-35 lbs 6-10 drops36-75 lbs 20-30 drops76-100 lbs 30-40 dropskeep out of reach of children.keep tightly capped and out of direct sunlight.store at room temperature.classical formulas for animals created by steve marsdenba wei di huang wansupporting the health of your animalonly the finest hand-selected chinese herbs are used with attention to the highest quality at each stage of production.
Water-Resistant Mobility Scooter Hitch Carrier Travel Cover - 149.99$ - slip-on protection from the sun, rain, dust and dirt ideal for use with power chairs and wheelchairs transported with a hitch carrier includes (2) tie-down buckle securing straps and corner openings for tie-down strap access lightweight, durable nylon fabric made in the usa
6 Boxes - Plain White Matches Matchbooks for Wedding Birthday Wholesale Made in America (300 Matchbook Total) - 21.45$ - 6 boxes - plain white matches matchbooks for wedding birthday 300 matchbook total
Andaz Press Blush Pink Gold Glitter Girl's 1st Birthday Party Collection, Favor Bag DIY Party Favors Kit, Thank You!, 24-Pack - 9.58$ - andaz press is a premier designer and manufacturer of custom party decor and personalized gifts. andaz press products are always made with the highest quality paper, materials, and inks. - includes: 24 favor bags and 40 round adhesive stickers, designed by andaz press. bag size: 5x7-inch. label size: 2-inch round. properties: not real glitter. matte finish. digitally printed with vibrant colors. actual product color may vary slightly due to differences in monitor settings. perfect to create unique themed favors for your party guests. fill bags with your cookies, chocolate, popcorn, or your favorite treats! flat rate shipping: fill your cart with andaz press items, and pay one low shipping rate. expedited and 2-day shipping also available! all orders ship within 1-2 business days from california.
Halo Life Face Mask - Reusable/Washable with Replaceable Nanofiber Filter - Lightweight Ultra-Breathable Form-Fitting, Specific Sizes and Adjustable to fit for Women/Men/Children- 200 Hour Filter Life - 12.95$ - nanofiber stay safe. be comfortable. look good: the most powerful full-spectrum protection with a wafer-thin mask filter allowing incredibly easy breathing. your days of walking around with fogged up glasses are over. you can be fashionable, comfortable and safe! ultra-breathable: super-breathable poly-honeycomb outer design allows you to comfortably wear your face mask even in elevated temperatures. made of a bamboo inside lining for soft all day wearing and ventilated honeycomb pattern provides a cooling mask effect. exclusive nanotechnology filter captures >99.8% of airborne particulates: more than 15 miles of nanofiber protecting you from airborne pollutants with water resistant material. ideal for commuting, travel, outdoor, everyday use. fully adjustable: embedded adjustable nose clip and ear loops provide a secure fit of face mask for women, children, and men of all sizes. sizing: general fitting, small face masks for kids 7-12 and small women. medium for a woman, teenager or smaller man. large for men. extra large for the big & tall. face mask fit: comfortable & fashionable face mask with advanced protection from airborne pollutants. bridge to lobe face mask coverage. recommended size of face mask for women ‚Äì medium (or small for small women). recommended size of face mask for men ‚Äì large (or extra-large for big & tall men/women).
Osmo Patch - 38.0$ - the osmo patch when used in combination with adequate rest may provide effective support to reduce inflammation, swelling and the associated pain due to bursitis, baker's cysts, tendonitis, carpel tunnel as well as many other similar joint and muscular inflammatory conditions.
5 x Spring Button Pant Waistband Extenders - Sturdy, Stretchy & Rust Proof - 6.99$ - stretches to fit your needs - simply loop the extension around your existing button and slip the button portion through the existing buttonhole. this no-sew solution for tight trousers, jeans, slacks and skirt waistbands is fast and easy to use! discreet & comfortable- with the button portion at less than 3/4"" in diameter, the pant extender will virtually disappear beneath your belt. designed with rounded edges for increased comfort, you'll forget they're even there! love your clothes again - everyone has favorite outfits that sometimes get a bit snug in the waistline. with the more of me to love stretch spring pant extender you can love your clothes again by using these small yet ingenious devices on your waistband. value 5-pack - each package includes 5 spring button pant extenders made of 100% zinc alloy. like all ""love your clothes again"" products by more of me to love, these are made from top-quality materials designed to withstand normal use and wear. 100% quality promise ‚Äì more of me to love is the world‚Äôs leading brand for clothing extenders that make you feel more comfortable and happy. if you are not fully satisfied with your purchase, please contact us for an exchange or refund.
Raw Hemp Plastic King Size 110mm Cigarette Rolling Machine - 3.86$ - this premium 110mm cigarette rolling machine is the gold standard in loose tobacco rolling machines. especially designed to fit king size papers. operated with a simple 4 steps, you can achieve the quality and consistency you can not get with the traditional hand rolling method. the result is a perfectly rolled cigarette every time, with maximum smokibility, minimum effort and little wasted tobacco. for paper size: 110mm king (blunt) construction: hemp plastic - made with hemp plastic 110mm - king size easy 3 step operation country of origin is united states
50 Pcs Diameter 0.47'' Glass Screen Filters-7 Honeycomb Holes with Storage Box - 16.99$ - 50pcs 12mm 0.47'' glass screens filters - 7 honeycomb holes product features: using high-quality borosilicate glass material, it is durable, non-irritating odor, non-toxic and safe. each hole glass mesh filter is approximately. 12 mm / 0.47 inch diameter, please check carefully whether the product size is what you want before buying. product specifications: material: glass color: clear package includes: 50 x glass filters with metal storage box warm notes: due to manual measurement of size, please allow a slight deviation due to different monitors, please allow a slight color difference - size : the screen filter is about 12mm/0.47 inches in diameter, the thickness is 2mm/0.079''. high-quality thick glass bowl, high temperature resistance, 100% manual replacement bowl. high quality: these transparent perforated glass screens are made of sturdy high borosilicate glass material, which has a longer service life, no irritating odor, non-toxic and safe, please rest assured to buy. easy to clean: the honeycomb mesh filter can be seasoned when used, and the beads can be seasoned only a few times, and it is easy to wash, which brings more convenience to your life. perfect gift: these glass filter bowl filters are beautiful and unique. they can be given to your father, husband or male friends. they can be used as a good gift for birthday, christmas, father's day or some meaningful days. package includes : 50 hole glass screens with metal storage box. best customer service : 100% replacement or refund guarantee within 365 days if you‚Äôre disappointed with our glass screen filters for any reasons, please feel free to contact us.
Pure Aura Home Protection Selenite Tower, Charging Plate 3"", Hematite Bracelet and Selenite Tower About 2.2"" to 2.4"" Tall - 21.99$ - pure aura home protection selenite mini tower charging plate 3 "" and rainbow hematite bracelet-reiki 8 mm -one solid white mini crystal selenite tower about 2.2"" to 2.4"" tall . selenite: the meaning of the word selenite comes from the greek word moon. named as such because of it's beautiful white color similar to the moon. selenite assists us with personal transformation. the high vibrational energy of the white selenite assists us in bringing down the light of the higher realms and transferring them into our physical being. it opens the crown chakra of our body. it will also open up the soul star chakra, the outer chakra that most are unaware of. selenite has a very strong vibration and the white and transparent versions of this crystal are wonderful for meditation and chakra healing and work. it will also assist you with connecting to the divine mind and accessing the angelic realm. selenite because of its high vibration will also bring clarity to your mind because it cleanses the auric field of negative energy build up. it will cleanse not only the physical aura but the etherical body. it is also a wonderful tool in connecting to past lives. working with white selenite can take you to higher realms quickly and easily. selenite is often used to charge other crystals. selenite is a salt based crystal. we recommend not immersing it in water or leaving in direct sunlight. - pure aura home protection selenite charging plate 3 "", rainbow hematite bracelet-reiki 8 mm -one solid white mini crystal selenite tower about 2.2"" to 2.4"" tall selenite is used in crystal healing for removing blocks to healing, dissolving secondary gain issues, confusion, particularly from alzheimer's disease or dementia. it also promotes flexibility, assists with absorption of calcium and other minerals and vitamins. selenite is used to promote fertility, increase the libido, and is a protector of pregnancy and motherhood. hematite is a very magnetic stone, attracting universal energy. as such, hematite brings greater mental and physical attunement and possesses exceptional balancing and grounding qualities. hematite is also a protective stone, disbanding negative energy and providing inner-courage. hematite is known as the ‚Äústone of the mind.‚Äù it eliminates spaciness, aids concentration, focus, and memory, and promotes common sense. hematite helps you to mentally sort through things, allowing you to enter the depths of your own mind in order to better understand yourself. it also helps bring you into the present moment. in addition, hematite increases will power. this is a perfect kit for home and to bring with you for protection and clearing of mind.
3ml Syringe Without Needle Luer Lock 100 Pack by Tilcare - Sterile Plastic Medicine Droppers for Children, Pets or Adults ‚Äì Latex-Free Oral Medication Dispenser - Syringes for Glue and Epoxy - 15.99$ - never run out of syringes again - this big box of 100 syringes is a great value pack for all your needs. perfect for dispensing medicine to young children, pets or yourself and for precisely applying oil, epoxy or glue, our small syringe pack ensures you will never overpay or run out of syringes again. sterile and individually blister-packed - each syringe is carefully sterilized and packed in easy to open blisters, ensuring easy and safe medicine or food intake whether at home or on the go. high-quality, latex-free materials - safe for everyone, all of our tilcare syringes are made from medical-grade plastic that is latex-free. accurate, leak-free dosing - our small syringes are equipped with an ml-calibrated scale and a professional plunger to provide accurate doses as well as eliminating leakage, making the use of each small syringe a mess-free breeze. no-risk attached - these syringes come with a 30-day manufacturer guarantee, giving you peace of mind.
Rack Dividers, Rectangular. Blank (50) - 39.5$ - rectangular 3-3/4 inch x 9-5/16 inch fits slick rails up to 11/4 inch. heavy plastic with beaded edges, retains rigidity. black on white.pack of 50 - rectangular 3-3/4 inch x 9-5/16 inch fits rails up to 1-1/4 inch
ABRACADABRA BATH,MUSCLE THERAPY, 17 OZ - 27.43$ - bath,muscle therapy
Mar Lan 2013 Marine Dual Watertight In-Line Fuse Holders 12 Ga. - Amps 20 - 18.99$ - 8-16 gauge marine 105¬∫c red wire w/non-breakable heat-resistant plastic molded directly to the wire. push together loop is great around damp & dusty environments. dual: 10"" long with a pocket for a spare fuse.
Dan Shen - Salvia Root 6.7x Concentrated Granules 100 Grams by Active Herb - 24.55$ - dan shen - salvia root 6.7x concentrated granules 100 grams by active herb
Nature's Bounty Cranberry Dietary Supplement 60 Soft Gels (Pack of 5) - 65.1$ - pack of 5 - 25,200 of fresh cranberry fruit. the nature's bounty triple strength cranberry concentrate contains the equivalent of 25,200 mg per serving of fresh cranberry fruit, so two softgels daily are all you need! maintain healthy unrinary tract. cranberries are known for their ability to help maintain a healthy urinary tract. support antioxidant and immune health. nature's bounty cranberry softgels also contains vitamin c to support antioxidant and immune health, plus vitamin e, an essential nutrient crucial for good health. natural flavors.no artificial flavor or sweetener, no preservatives, no sugar, no starch, no milk, no lactose, no gluten, no wheat, no yeast, no fish. sodium-free.
3 Pcs Replacement Filters for Airpro Rechargeable Electrical Air Purifying (AM99) - 15.99$ - replace - replacement accessoiries for electrical air purifying ‚òÄ‚òÄ‚òÄ do not purchase it if you do not have aurora am99 electrical air purifying, it is not guaranteed to be applicable to other brands‚òÄ‚òÄ‚òÄ
Superior Coco Coconut Charcoal-1kg Cube - 12.99$ - offer is for 1kg of superior coco coconut charcoal cubes (25mm x 25mm x 25mm). . . . . . . superior coco charcoal briquettes are cut with precision, producing highly quality cubes that light quicker and last longer- up to 2 hours! . . . . . . . superior coco is an unrivaled quality charcoal product that comes from the industry‚Äôs leading manufacturers. youthful at heart, superior coco is a well -established brand that caters to customers seeking superior-quality products they need, and certainly deserve. . . . . . . . . superior coco is made from 100% coconut shells. production ingredients include no inferior natural or raw materials such as soft lumber, shrubs, or saw dust. superior coco products are also free of any unnatural ingredients such as brown coal, mineral carbon, borax, sodium nitrate, limestone or any other additive. that‚Äôs why we are proud to call superior coco a green product. . . . . . . . . . . our product is highly recommend to provide the best experience for your hookah experience. hookah coals hookah charcoal coconut coals - superior coco is setting new standards for coconut charcoal! lights quickly & lasts up to 2 hours! zero chemicals means-no odor & no foul taste! natural hookah coals, coconut hookah coals, hookah charcoal, organic charcoal hookah, incense
RUGBY Docusate Sodium /Senna 8.6-50 mg Tablets 100 Count (4 Pack) - 15.09$ - pack of 4 bottles containing 100 tablets each
Prestige Medical Compact Carry Case, Ribbons and Hearts Pink - 12.7$ - 6"" x 9"" nylon zippered carry case. velcro-closure side pocket. ideal for storing instruments and accessories a portion of the sale of the hope pink ribbons print is donated to the american cancer society. - 6"" x 9"" nylon zippered carry case velcro-closure side pocket ideal for storing instruments and accessories a portion of the sale of the hope pink ribbons print is donated to the american cancer society
NutriWise ‚Äì High Protein 15g | Instant Hot Drink | Variety Pack | 7/Box | Weight Loss, KETO Diet Friendly, Hunger Control | Gluten Free, Low Calorie, Low Carb, Low Sugar - 15.99$ - stay full longer, curb cravings, lose weight: packed with 15g of protein and fortified with nutrients, you‚Äôll feel full, energized and snack less throughout the day. makes an easy option as a meal replacement. speed up your weight loss by fueling fat burning, and allowing you to not feel hungry for a few hours. big on taste: enjoy the rewarding rich and creamy taste, that satisfies your craving for something sweet, without adding the extra calories and sugar! no need to suffer through having another tasteless diet drink again. medical grade nutrition: works great for hunger control and appetite suppressant. these individually packed hot protein drinks are fortified with extra vitamins and nutrients. formulated specifically for women and men to support multiple diet protocols including a high protein, low carbohydrate meal plans. accelerate your weight loss: perfect for before or after a workout. fuel your body the right way! grab a protein drink about an hour before a workout to provide carbs and protein for energy and lean muscle support. treat yourself after your workout to replenish energy and help the muscle recovery process. trusted brand | 100% satisfaction guaranteed: scientifically formulated for optimal weight management, nutriwise is committed to bringing you premium weight management products that are supported by hospitals, physicians, and weight loss clinics nationwide. we back our products with excellent and personalized customer service when purchased from doctors weight loss amazon fba.
Stethoscope Covers Handmade Variety Patterns 100% Cotton (Love A Nurse) - 16.99$ - 100% cotton approx 3 inches wide by 27 inches long. handmade in the usa assorted designs and colors stethoscope cover snaps at the top and has elastic at the bottom. it will slip over the bell and snap at the top with a nice scrunchie effect. machine washable. - 100% cotton made in the usa scrunchie snap machine washable
Ortho Molecular - Cerenity PM - 60 Capsules - 53.0$ - ortho molecular - cerenity pm - 60 capsules - helps with relaxation and calmness
smokebuddy Smoke Buddy - 18.25$ - smoke buddy personal air filter, lime green - removes smoke eliminates odor high quality ideal for home, office, car, & travel free keychain!!!
5-Pack Waistband Extender - Spring Button with Engraved Star Design - Elastic with Sturdy Spring - 6.99$ - cotton stretches to fit your needs - simply loop the extension around your existing button and slip the button portion through the existing buttonhole. this no-sew solution for tight trousers, jeans, slacks and skirt waistbands is fast and easy to use! discreet & comfortable- with the button portion at less than 3/4"" in diameter, the pant extender will virtually disappear beneath your belt. designed with rounded edges for increased comfort, you'll forget they're even there! love your clothes again - everyone has favorite outfits that sometimes get a bit snug in the waistline. with the more of me to love stretch spring pant extender you can love your clothes again by using these small yet ingenious devices on your waistband. value 5-pack - each package includes 5 spring button pant extenders made of 100% zinc alloy. like all ""love your clothes again"" products by more of me to love, these are made from top-quality materials designed to withstand normal use and wear. 100% quality promise ‚Äì more of me to love is the world‚Äôs leading brand for clothing extenders that make you feel more comfortable and happy. if you are not fully satisfied with your purchase, please contact us for an exchange or refund.
Satya Sandalwood Fragrance Oil 30ml (Pack of 2) - 18.95$ - from the makers of the famous satya nag champa incense comes shrinivas sugandhalaya (bng) llp‚Äôs new range of concentrated fragrance oils, also known as potpourri oils or scented oils. the oils have a signature scent and have been derived from natural resources. available in 12 unique scents, shrinivas sugandhalaya (bng) llp‚Äôs fragrance oils are perfect for aromatherapy and work wonders to freshen up living spaces. simply put a drop or two into a diffuser or potpourri bowl and let it work its magic. fill your home with the delightful aroma of our fragrance oils and rekindle your olfactory senses! description: homely key notes: comforting, woody use: the sublime, healing scent of sandalwood encourages restful sleep and an overall improved mood. begin your day with this oil and see its results for yourself! - sandalwood fragrance
North P100 Filter Cartridge. Purchase of 12 - 54.98$ - north's p100 filter/cartridge is 45% thinner and over 60% smaller in overall volume. this small p100 filter/cartridge is lighter for enhanced comfort and reduced worker fatigue. the smaller size provides a wider view of the work area, and fits under face gear such as welding helmets and faceshields. it is available in combination with all north chemical cartridges as a ""piggyback."" (purchase of 12 each) warning: this product can expose you to chemicals which is [are] known to the state of california to cause cancer and birth defects or other reproductive harm. - 99.97% filter efficiency for all particulates compatible with honeywell north 5400, 5500, 7600, and 7700 reusable respirators smaller size provides a wider view of the work area fits under face gear such as welding helmets includes 6 packs of 2 filters
ELDERFLOWER SYRUP , Pack of 6 - 79.07$ - Ôªød‚Äôarbo fruit syrups ,16.9 fl oz, have 80% fruit content. using the finest and ripest fruits, these syrups retain the smell and taste of fresh fruit. d‚Äôarbo fruit syrups are delicious drizzled on pancakes, waffles, cereal, yogurt or ice cream. add a splash to sparkling water, coffee or tea for a refreshing flavor treat.
Spry Peppermint Anti-Cavity Xylitol Toothpaste (Pack of 2) with non-GMO Cranberry Extract, Aloe Vera Leaf Juice, Stevia Powder and Natural Sodium Flouride, Paraben-free and Sorbitol-free, 5 oz. - 16.99$ - spry peppermint anti-cavity xylitol toothpaste (pack of 2) with non-gmo cranberry extract, aloe vera leaf juice, stevia powder and natural sodium flouride, paraben-free and sorbitol-free, 5 oz
Newton RX - PRO Injury~Rescue 1oz - 23.0$ - pro injury~rescue 1oz (formerly injury #53) homeopathic remedy formulated for symptoms associated with injury trauma or surgery such as pain shock emotional upset bruising and inflammation. directions: oral use only shake well. ages 12 and up take 6 drops orally (ages 0 to 11 give 3 drops) as needed or as directed by a healthcare professional. active ingredients: aconitum nap. 20x amico 20x bellis 20x calendula 20x echinacea 20x gelsemium 20x hamamelis 20x hypericum 20x ledum 20x phosphorus 20x rhus toxicodendron 20x ruta 20x staphysag. 20x symphytum 2ox echinacea 8x hydrastis 8x hypericum 8x symphytum 8x echinacea 3x hydrostis 3x hypericum 3x symphytum 3x. inactive ingredients: usp purified water; usp gluten-free non-gmo organic cane dispensing alcohol 20%. warning: do not use if tamper-evident seal is broken or missing. consult a licensed healthcare professional if pregnant nursing or if symptoms worsen or persist for more than a few days. keep out of reach of children. dispensed by healthcare professionals only. not for over-the-counter sale.
Dynarex Gauze Pads Sterile 3x3 12PLY 100 ea (Pack of 3) - 26.14$ - upc 616784335322
Enterosgel 90G (2 Pack) - 29.49$ - enterosgel is an innovative intestinal ‚Äúadsorbent‚Äù (enterosorbent), developed for binding toxins, harmful substances, pathogens and allergens in the gastrointestinal tract and their elimination from the body. it has excellent absorption properties; and is easy to take. enterosgel helps to cleanse the whole organism by ridding it of toxic substances. enterosgel is not itself absorbed; it only absorbs undesirable substances and effectively eliminates them from the body.
Old Bones Therapy Lower Back Brace with Adjustable Straps | Lumbar Support for Immediate Relief (Back Brace, L/XL, Fits 34 - 43 Inches) | Improved Version 2.0 - 75.0$ - ‚úì immediate relief for pain and discomfort - the old bones therapy back brace version 2.0 uses compression to help reduce muscle fatigue and swelling, increases circulation, and help relieve sciatica, herniated disc, spinal stenosis, arthritis and more. ‚úì helping you stay active - our breathable knitted back support brace is for everyone, from office workers, to athletes, to adrenaline junkies. the ergonomic design permits full range of motion without binding or pinching, giving you support no matter what you are doing. ‚úì lightweight, livable comfort - superior design features dual elastic pull strap, 4 flexible stability stays, and a non-slip silicone lining to ensure this blackout color back brace conforms to your body and allows free range of motion, without sacrificing support. ‚úì interior pocket for hot/cold therapy ‚Äì keep heat or cold perfectly positioned with our integrated gel pack pocket, so you can stay active and get the extra relief you need. gel packs are not included. ‚úì we‚Äôve got your back - our customers tell us this is the best back support system out there, period. here at old bones therapy, we're obsessed with customer happiness. if you're not happy with anything, we will make it right.
Gaviscon Max Berry Tablet, 50 Count - 29.99$ - ""heartburn occurs when stomach acid backs up into your esophagus. normally, when you swallow, a band of muscle around the bottom of your esophagus (your lower esophageal sphincter) relaxes to allow food and liquid to flow down into your stomach. then the muscle tightens and contracts again. if your lower esophageal sphincter relaxes or weakens, stomach acid can flow back up into your esophagus, causing heartburn. heartburn is a common condition that affects millions of people. a number of things can cause heartburn, like stress, spicy foods, acidic foods and beverages, over-eating, and foods with a high fat content. gaviscon antacids are doctor-recommended and can keep stomach acids down for up to four hours, due to the foam barrier that forms in the presence of gastric acid."". ingredients active ingredients include 80 mg of dried aluminum hydroxide gel and 14.2 mg of magnesium trisilicate. legal disclaimer actual product packaging and materials may contain more and different information than what is shown on our website. we recommend that you do not rely solely on the information presented and that you always read labels, warnings, and directions before using or consuming a product. please see our full disclaimer below. - chew 2-4 tablets four times a day as directed by a doctor take after meals and at bedtime or as needed for best results follow by a half glass of water or other liquid do not swallow whole
lifevv Lobular Ebony Smoking Pipe Elegant Tobacco Pipe with Accessories and Gift Package - 23.86$ - smooth lines, fine workmanship, bucket type and comfortable does not contain any harmful objects,can prevent smoke and tar from leaking handcrafted from natural wood (each item's grain is unique) - beautiful workmanship and top quality free accessories:1*tobacco pipe, 1*filter element(10pcs),1* cleaning tool reamers ,1*tobacco pouch,1*gift box it‚Äôs a perfect gift to your father or husband.
Windmill Magnesium Gluconate 500 mg, 90 Tablets Per Bottle (5 Bottles) - 40.27$ - dietary supplement tablets helps to supports bone density.
RINSE ACE POWER SPRAYER by RINSE ACE MfrPartNo 4100 - 23.25$ - the power sprayer is the easy way to rinse your shower clean with no clutter and quickly connects easily to your showerhead with a 6' detachable hose. - 6-foot hose allows you to reach every inch of your shower handheld nozzle saves water - sprays only when lever is pressed detachable hose keeps shower clutter-free also great for bathing pets, rinsing children's hair, assisted bathing and more
The Clean Seat Case Pack (12 Boxes of 28 Pack) - 119.99$ - the clean seat is the perfect product to keep your underwear clean! this comfortable sanitary pad is thin, yet absorbent. its long, unique shape is perfect for those who have issues with incontinence, hemorrhoids, perspiration and discharge of any kind. it is ideal for post surgery of the groin/buttocks area and for those after a colonoscopy. it is also effective for women with moderate menstrual flow. visit thecleanseat.net for more information and video. the clean seat is a proud supporter of t.e.a.l., an organization to raise awareness and funds for ovarian cancer research. visit tealwalk.org. - a thin, comfortable pad... now with a new improved top layer and adhesive! men & women- avoid embarrasing stains and wetness. almost 13"" long. 12 of 28 pk unscented (336 pads). only $9.99 each box! great for pregnant women, truck drivers, and those who exercise perfect for hemorrhoid sufferers and those with mild incontinence issues
Invade Hot Spot Bio Foam Probiotic Drain Foam Fruit Flies Drain Flies - 34.32$ - target pests: drain flies, phorid flies, fruit flies, fungus gnats, cheese skippers, sphaerocerid flies apply invade bio drain in any crack crevice or drain where flies may breed. invade bio foam hot spot contains premium, scum-eating, odor eliminating microbes, citrus oil and foaming agent. hold can with the nozzle pointing away from yourself and others. press down on the nozzle to dispense foam. shake well before using. use in a well-ventilated area and avoid breathing spray mist. foam cracks, crevices, drains and other scummy areas where flies may be breeding. remember that small flies often aren‚Äôt just breeding in drains, but can breed in any area where food, moisture or other organic matter builds up and is undisturbed. the foam will take a few hours to dissipate and should be left and not washed up. the foam will need to be in contact with the scum for a period of time (at least an hour is ideal) to be most effective. do not apply directly to a food contact surface unless the surface is disinfected with a quaternary ammonia type disinfectant after treatment.
Frankincense & Myrrh Fragrance Oil Dropper Bottle 0.5 Fluid Ounce - 15.32$ - frankincense & myrrh fragrance oil dropper bottle 0.5 fluid ounce
Charmed 100 Pc Party Favor Toy Assortment for Party Favor and Pinata Stuffing - 13.99$ - pack include at 6 pcs foam glider airplane, 6 toy cameras (with projecting images) , 6 water guns, 4 wooden animal and character magnet, stretch frog, parachute man, disguise glasses, toy skate board , toy soldiers, climbing man and lots more! 100 pcs toy assortment great for party favor and used a class room rewards, pinata stuffer. - 100 pcs toy assortment not every unit toy is shown in the product image pack include at 6 pcs foam glider airplane, 6 toy cameras (with projecting images) , 6 plastic water guns, 4 wooden animal and character magnet, and lots more!
Rose Essential Oils Organic Plant & Natural 100% Pure Rose Oil for Diffuser, Humidifier, Massage, Sleep, Perfume, Bath, SPA, Skin & Hair Care-10ml‚Ä¶ - 6.99$ - essential oils benefits: each plant has a different function, you can smell good while feeling good. when you make coffee, you know how smells can impact your feeling..achieve greater mind acuity & promote & and happiness with this set.easy to mix and match for blending or dilution purposes. pureity essential oils: we carefully select materials to ensure the quality of our products.no additives, parabens, or fillers, retain the fragrance of the plant itself, smell natural, fresh.your just buy and enjoy it. our essential oils are used for aromat, skin care, massage, natural perfumery, baths, hair care, saunas, air freshening, for diffuser,cleaning,spa,humidifier,diy,soap or to enhance shampoos, lotions, creams, soaps & bath bombs our essential oils are suitable for diffusion, vaporizing, inhalation, cleaning, massage, oil burner, perfume, home care (bedroom, living room, bathroom, study room), office (workstation, conference room), outdoors, campground, yoga room, car and spa. ideal gift: this fall essential oils set is also an ideal gift for your families, friends and lovers in birthday, anniversary, valentine's day or christmas.
Cedarcide All-Purpose Sample Pack - 19.99$ - sample two of our most popular products. includes all 3 scents of all-purpose bug spray (cedarwood, lemongrass, peppermint) and all 3 scents of all-purpose cleaner (lavender, lemongrass, peppermint). - start here: the cedarcide all-purpose sample pack allows you to try a whole range of products in multiple scents to find your favorite. six different products, in one convenient pack! all-purpose bug sprays: each pack includes three samples of our all-purpose bug sprays, in cedar, lemongrass, and peppermint. they can be used on people, pets, plants, and your home! family & pet safe sprays: all of the sprays included in the sample pack are non-toxic and eco-friendly. they are safe for your pets, yourself, and your home.
Grenade Carb Killa High Protein and Low Sugar Candy Bar, 12 Count (Pack of 1) - 51.25$ - a triple-layered, delicious, high protein bar. made with european chocolate and a thick caramel layer, this bar has an unmatched taste! delivering up to 23 grams of protein per bar, carb killa has been designed to provide balanced complete sources of protein, while limiting the level of simple, processed refined sugars. the perfect chocolate bar alternative and guilt-free treat! warnings: allergens: milk, soy. manufactured in a facility that also processes gluten, tree nuts, peanuts, wheat and eggs. - caramel chaos: a thick caramel layer covers this protein bar and crispy crunchies give grenade‚Äôs caramel chaos the perfect texture! a triple-layered, high protein bar that is the perfect guilt-free snack! go ahead, and indulge, our carb killa bars will keep you on track with your health and fitness goals european chocolate: our bars will not only keep your body energized, they‚Äôll satisfy your sweet tooth! carb killa bars go through a specialty baking process giving them the ultimate texture and making them extra soft after baking, each and every bar is dipped in european chocolate for the perfect finish high protein snack: carb killa bars are packed with everything you need to keep your body fueled each and every bar is high protein and high fiber informed sport approved, our carb killa bars contain only 1 gram of sugar and at least 20 grams of protein no matter your lifestyle, our bars will keep you at your best! low sugar high energy: carb killa bars are designed with versatility and modern diets in mind our bars are packed with protein and ready to be enjoyed by anyone and everyone! our products are gmo free and contain sustainable palm oil grenade is on your side: here at grenade, we‚Äôre all about hard work and commitment! from day one, we have continued to pride ourselves on making each product and formulation as unique as possible to go beyond the seen-it-all-before sports nutrition stereotypes we want to inspire people to get more out of life, whatever their goals
7 Sisters Irresistible Oil 1/2 fl. oz. - 8.5$ - 7 sisters irresistible oil is believed to make the wearer very attractive and irresistible to the opposite sex. - 7 sisters irresistible oil is believed to make the wearer very attractive and irresistible to the opposite sex. 0.5 fl. oz glass bottle
Couple Vibrator for Penis & Clitoral Stimulation Sex Toy- Adorime Cock Ring Vibrator with 9 Powerful Vibrations, Wireless Remote Control Rechargeable Clitoris Stimulator Massager(Rose Red) - 19.99$ - u-shaped opening design - this u-shaped sexual ring vibrator allows you to easily wear and stretch comfortably at the base of the body. the inside of the ring has raised non-slip lines, which enhances the sensation of stimulation. 9 vibration modes - advanced power system created multiple sexual pleasure for you. when the couple vibrator surrounds your body parts, while the 2 stimulation spots sit comfortably against the sweet spots of your girl. superior silicone - adorime couple vibrator is made of medecial silicone, which is body-safe and skin-friendly. plus, the sleek appearance of the sex toy is not only waterproof but also easy to clean. wireless remote control - this couple vibrator reduces distance limits! with the touch of a finger on the button, the remote control can be controlled up to 10 meters away. safe magnetic charging - package comes with convenient usb cable for endless rounds of fun, it takes about 1.5 hours to recharge using the included magnetic usb charger.
Nicorette Mini Lozenge Mint Stop Smoking Aid, 4 mg, 20 Count - 12.47$ - ideal for those who smoke their first cigarette within 30 minutes of waking up
HOTV with Red/Green Lines 10 Feet - 7.98$ - hotv optotypes easily identifiable, hotv charts use four distinctly different yet equally recognizable letters. these letters can be identified by preliterate children, with the use of a response key. also, featured on this hotv vision test are both a red and a green stripe. these stripes can help as a screener for color vision. also, the chart is useful for detecting early signs of amblyopia in children. this hotv eye chart is great for school screenings for children 3-5 years old. - distance¬†eye chart¬†for vision¬†testing at 10 feet. visual acuity range 20/100 to 20/16 includes red green bars for easier screening of color vision eye chart measures 23 x 35.5 cm (9 x 14 in.)
Major Bacitracin Ointment First Aid Antibiotic: 0.9g Packets: Box of 144 Made in The USA - 22.9$ - major a/b ointment(bacitracin zinc ointment, 0.9 gr packets (box of 144) treating or preventing infection in minor skin wounds. - made in the usa proudly manufactured at our facility in the usa!
New Nab Plastic Take Up for 1/4"" Reel to Reel Tape 10.5"" - 10.99$ - hey you people that own a projector! hey ! hey! these are not reels for a projector!!!! these are for a reel to reel analog deck that plays analog reel to reel tapes!!!!!!!!!!!these do not clamp down with some reel to reel decks!!!!!!!!!!!!!!!!!!!!!!!!!!!!!!!!!!!!!!!!!!!!!!!!!!!!!!!!!!!!!!!!!!!!!!!!!!!!!!! but you don't really need them to clamp to play but that' s up to you. otherwise go buy our trident plastic reel or our metal reels .new nab plastic take up for 1/4"" reel to reel tape 10.5"" . this is a hard plastic reel used to store play or record with 1/4"" reel to reel tape. please note that the center hub of these plastic reels are thicker than your standard metal reel. they may not click when you clamp them down with your nab lock down hubs but they should still hold the reel in place.a customer has this to say about them: new message from: heebee61 (100) greetings i've purchased a few of these plastic take up reels from you before. i just wanted to let you know that i have a teac x-2000r and x-1000r and so far, they seem to work very well. the trick is however, if your deck is using the tz-612 nab adapters, there is a metal clip on the bottom of these adapters. you can remove that clip and this will allow the plastic reel to lock flush on the adapter. i've tried it on both of my teac decks and i've had no problems so far......just thought i would pass that on to you and i look forward to purchasing more from you in the future....thanks,
2 Pairs Thigh High Men's Compression Socks 20-30 mmHg Compression Stocking with Silicone Grip Men's Dress Socks for Swelling (Closed Toe, 3X-Large) - 29.99$ - 20-30 firm strength graded compression: thigh high men's compression socks for men are largest at the ankle and gradually decrease from the leg up; it helps reduce and prevent swelling in the wearer, maintaining active circulation and leg health helps legs relax when walking, working, and being sedentary what's included in the package: you will receive 2 pairs of thigh high socks in black, allowing you to wear and replace them, or you can share the other one to your friend or father; please check the exact size in the size chart, the right size fits most men and is long enough to cover the knee thigh high men's compression socks: compression 20-30mmhg, improves circulation for sedentary, standing, travel, swollen feet helps relieve swelling; it has a comfortable and safe compression level stretchy and comfortable: men's compression socks with nice elasticity, suitable for most men; silicone grip design, not easy to slip when wearing helps socks stay in place; closed toe style design, toe space, will not discomfort your toes, comfortable to wear clear heel pockets enhance the fit applicable occasions: the package contains 2 pairs of over knee men's dress socks in classic color, showing your own style our men's compression socks can be widely applied, such as conferences, wedding parties, birthday parties, friends gatherings, dance parties, working, doing sports and so forth
Q-Link Acrylic SRT-3 Pendant (Sleek Blue) - 99.95$ - if you‚Äôre seeking an easy, natural and holistic approach to enhanced well-being, performance and quality of life ‚Äì your search is over ‚Äì because q-link delivers like no other. after all, q-link has been a pioneer in the human energy product space for almost 30 years with its legendary and proprietary sympathetic resonance technology that was developed in conjunction with top stanford & uc scientists and has been extensively researched & validated; so you can trust q-link. the moment you put your q-link pendant on, the journey begins. for many, the experience is smooth and gradual. for others, it's familiar because q-link facilitates the same beneficial resonant effects we enjoy in natural settings. your body was built to be in nature, and it‚Äôs this powerful resonance dynamic that uniquely balances, restores and enhances body, mind and spirit. your q-link pendant will be a welcome addition to your life because getting enough nature isn‚Äôt always possible, and because your resonant energetic state affects virtually every aspect of your physiology: your body‚Äôs basic function, your ability to manage a fast-paced lifestyle, your resilience when facing life's unavoidable stressors (like emf), and your ability to perform at your best ... especially under stress. but q-link benefits don‚Äôt stop there, because when your resonance is reinforced, you‚Äôre able to enjoy life more, get into the ‚Äúzone‚Äù more easily during your favorite activities or sport. in addition to enhanced creativity and improved focus, calm, awareness, balance and energy, q-link has also been shown to improve physical strength, flexibility and athletic performance, eeg function, protection against negative effects of emf and more. that‚Äôs the brilliance of q-link - the proven power to support your resonance, consistently and effortlessly - so wherever you are and whatever you‚Äôre doing, you‚Äôre simply better!
Method Stainless Steel Cleaner, Apple Orchard, 12 Ounce (Pack 6) - 69.49$ - stainless steel: it‚Äôs a funny name. would you want to stain it? what if you tried? okay, maybe you shouldn‚Äôt try. the great thing about stainless steel is that it doesn‚Äôt nick, rust or corrode. but it does get dirty. this non-abrasive formula cleans and polishes stainless steel surfaces without streaking. then, just to be nice, it leaves a protective layer. even steel has a sensitive side. - contains (6) 12 ounce bottles of stainless steel cleaning spray plant based, stainless steel cleaner + polish. non toxic, surface safe and biodegradable. cleans fingerprints and smudges with no streaking. use to clean and polish stainless steel refrigerators, dishwashers and stoves. never tested on animals. apple orchard captures the delicate scent of apple blossoms, peach nectar and vanilla orchid.
CYMBIOTIKA Creatine+, Creatine and Glutamine Supplement for Amino Energy, Recovery, Muscle Mass & Brain Support, Liposomal Delivery, Gluten Free & Vegan, Raspberry Flavor - 30ml Pouches (Pack of 20) - 50.0$ - creatine supplement: our creatine+ is a highly bioavailable and easily digestible trademarked form of creatine (creabev) and l-glutamine, two of nature's most studied amino acids known for supporting energy production, stamina, and the overall health and wellness in both men and women throughout various stages of development and aging. creatine benefits: creatine can provide both body and mind benefits. studies show that creatine helps to reduce recovery time, improve stamina in high-intensity activities, increase lean muscle mass, and improve overall workout performance. in addition to helping with athletic performance, creatine can also improve healthy brain function and increase energy levels. l-glutamine benefits: glutamine included in our creatine+ formula can further help with recovery. it's an amino acid that can help reduce inflammation, exercise exhaustion, and lactic acid buildup after training. how to enjoy: our creatine+ comes in a delicious raspberry flavor and can be taken directly from the pouch or stirred into your favorite juice, protein shake, or smoothie. it's best to take the supplement five days on, two days off. when taking this supplement, we recommend increasing your daily water intake to stay hydrated. store in a cool, dry place away from direct sunlight. natural supplement: cymbiotika strives to create ingredients you can trust. we combine scientific innovation with traditional eastern medicine to design formulas that synergize with the body. our creatine utilizes the most advanced absorption technology and is gluten free, soy free, keto, vegan, and made with zero chemicals, animal products, alcohols, additives, and preservatives.
BASCH, GEORGE CO INC N/D 3 Pack ND-9292-A - 26.97$ - polish
three and only blows Kobayashi Pharmaceutical Chin! to - 16.87$ - perfect for microwave cleaning, remove stain and heavy oil in just one second. - remove oil and stain
Ronson Butane Lighter Fluid 42 g 12-Count - 45.95$ - ronson butane lighter fluid 42 g 12-count - ---
EYOCEAN Tourniquet, EYOCEAN Tactical Tourniquet, Combat Military Emergency Hiking Application, Medical First Aid Equipment Rapid One Hand Application l Features Windlass & Time Stamp (Blue) - 9.99$ - tourniquet is a defender of life. safe, reliable, effective tourniquet is a life saving friend to explore the world! a new adventure is always fantastic for those who love exploring the world. from training in military ,camping, hunting, hiking, fishing, driving, wherever you are, being safe is essential. fast application of a tourniquet can be 100% effective in quickly stopping arterial blood flow.we suggest that people should add one or more to home emergency kits, cars, backpacks, motorcycles, range bag, construction belt or carried on person for emergency use. it's the protector and defender for you and your family. features easy simple design - one handed design for self-application. cold resistant technology - composite buckles that are designed to resist breaking in cold weather or on impact. time stamp - write down time of usage to identify time limits and prevent potential blood bleeding. high grade nylon & windlass system- ensures durability and dependability separating us from the competition. small & lightweight - perfect to store and carry in any holster, case or aid kit. latex free and environment friendly. easy to clean and can be reused package includes: 1 x tourniquet1 x manual lifetime satisfaction guaranteed! eyocean products come with a lifetime product warranty. for any reason, if you are not satisfied with our product, please give us an opportunity to hearing back from you.being a part of our family by clicking the add to cart button right now. 100% money back guarantee provides you peace of mind while shopping. - ‚úîpremium quality - durable windlass bar that won't bend or break under pressure. high quality stitching and velcro provides durability that protects integrity and strength of the tourniquet during use. cold resistant technology fit for various weather conditions, after countless tests, we've designed a composite buckle that resists breaking and cracking in extremely cold weather ‚úî time stamp - time stamp feature available to write down time of usage to identify time limits and prevent potential blood bleeding. aggressive teeth pinch buckle maintains strong application during emergency situations and transportation. our tourniquets are 37.4 inches in length making them applicable to any sized patient ‚úî one-handed operation design & lightweight one-handed design for self-application, easily add one or more to home emergency kits, cars, backpacks, motorcycles, range bag, construction belt or carried on person for immediate use. the pack is small and easy to store and carry ‚úî universal use/purpose - life saving equipment not only for professionals but for the average individual. essential first aid kit for military /camping/ hunting/ hiking/ fishing. easy to clean and can be reused ‚úîlifetime 100% money back guarantee. - awesome for life saving and hemorrhage control, 100% effective. if you are not completely satisfied with our medical tourniquet, we will refund you in full with no exception! clicking the add to cart button to protect and defend you and your family now
Smart Caregiver Cordless Bed Alarm with Kerr Medical Cleansing Wipes - 104.95$ - monitor has a 1-year warranty from purchase date. pad has a lifespan of 1 year with daily use ‚Äì contact manufacturer to order replacement pads. easy to use and effective caregiver alarm. complete system includes 1 wireless bed alarm and 1 cordless bed sensor pad with 1 year manufacturer warranty. use this product for fall prevention; know when someone is getting out of bed unattended. 10""x30"" bed sensor pad is made of soft vinyl, easy to wipe clean and incontinence resistant. place the cordless bed sensor pad 30 inches across the width of the bed, under the fitted sheet. position the pad under the resident's shoulder blades, alarm will sound when they sit up or place it under the hips, alarm will sound when the resident is lifting out of the bed. the wireless alarm can be placed in a convenient location closer to the caregiver, away from the cordless sensor pad with low, medium, high volume options and a gentle chime alert. use 3 ‚Äúc‚Äù size batteries for portability, (batteries not included). or purchase smart caregiver's ac-04e power adapter (sold separately) also included is a package of 30 kerr medical cleansing wipes. - monitor has a 1-year warranty from purchase date. pad has a lifespan of 1 year with daily use ‚Äì contact manufacturer to order replacement pads. easy to use and effective caregiver alarm. complete system includes 1 wireless bed alarm and 1 cordless bed sensor pad with 1 year manufacturer warranty. use this product for fall prevention; know when someone is getting out of bed unattended. 10""x30"" bed sensor pad is made of soft vinyl, easy to wipe clean and incontinence resistant. place
Kanjo Acid Reflux and Pain Relief C Pillow | Reflux Pillow for Side Sleepers | Heartburn & GERD Pain Relief Pillow | Elevated Pillow for Neck & Back Support | FSA & HSA Eligible - 124.99$ - natural relief for acid reflux: the kanjo acid reflux c pillow is designed to create the ideal sleeping position for natural relief of acid reflux & gerd symptoms. the ‚Äòc‚Äô shape elevates the upper body to alleviate heartburn & regurgitation soft foam: made with soft foam, this kanjo incline pillow provides firm cushioned support not only for your back and neck, but also for your legs. the neutral gray pillow cover is removable and machine washable. additional pillow covers sold separately; available on amazon get a better night‚Äôs sleep: the kanjo acid reflux pillow allows you to sleep comfortably on your side to help reduce acid exposure. this pillow helps you get in the ideal position for natural relief from acid reflux you might experience at nighttime provides neck & back support: the c shaped elevation pillow also provides firm neck and back support for when you‚Äôre relaxing on your back. use it on your couch for relaxation time or in bed for individualized support kanjo quality: life is full of pains, strains, ups and downs, lower back funks, knots and throbs. that‚Äôs why kanjo is here with you, helping to provide a sense of relief with our premium acupressure products, cushions, pillows and more.
Ohaus SPJ303 Carat Portable Balance 60 x 0 001g - 300 x 0 005ct - 400.0$ - top quality carat scale with unbelievable accuracy. - 300 ct. capacity readability goes to 0.005 has a 90 mm. platform
After Bite Itch Eraser - 0.5 oz - Relieves itching from mosquito bites, bee stings, and other insect bites.
Cutter Insect Repellent Wipes - 15 Count - Protects against mosquitoes, ticks, biting flies, gnats, and fleas.
Benadryl Extra Strength Anti-Itch Cream - 1 oz - Provides relief from itching and pain due to insect bites and stings.
Jellyfish Sting Relief Spray - 4 oz - Specifically formulated to neutralize jellyfish stings and relieve pain.
Fire Ant Killer Granules - 1 lb - Effectively eliminates fire ant mounds and prevents future infestations.
